date,CPI - food,CPIH
1989,5.6,5.7
1990,8.1,8
1991,5.2,7.5
1992,2.1,4.6
1993,1.7,2.6
1994,0.9,2.2
1995,3.7,2.7
1996,3.1,2.9
1997,-0.1,2.2
1998,1,1.8
1999,0.3,1.7
2000,-0.5,1.2
2001,3.8,1.6
2002,0.8,1.5
2003,1.2,1.4
2004,0.7,1.4
2005,1.5,2.1
2006,2.5,2.5
2007,4.5,2.4
2008,9.1,3.5
2009,5.4,2
2010,3.4,2.5
2011,5.5,3.8
2012,3.2,2.6
2013,3.8,2.3
2014,-0.2,1.5
2015,-2.6,0.4
2016,-2.4,1
2017,2.2,2.6
2018,2.1,2.3
2019,1.4,1.7
2020,0.6,1
2021,0.3,2.5
2022,10.9,7.9
2023,14.5,6.8
2024,2.7,3.3
2025,4.2,3.9