date,value,type
1989,5.6,CPI_food
1990,8.1,CPI_food
1991,5.2,CPI_food
1992,2.1,CPI_food
1993,1.7,CPI_food
1994,0.9,CPI_food
1995,3.7,CPI_food
1996,3.1,CPI_food
1997,-0.1,CPI_food
1998,1,CPI_food
1999,0.3,CPI_food
2000,-0.5,CPI_food
2001,3.8,CPI_food
2002,0.8,CPI_food
2003,1.2,CPI_food
2004,0.7,CPI_food
2005,1.5,CPI_food
2006,2.5,CPI_food
2007,4.5,CPI_food
2008,9.1,CPI_food
2009,5.4,CPI_food
2010,3.4,CPI_food
2011,5.5,CPI_food
2012,3.2,CPI_food
2013,3.8,CPI_food
2014,-0.2,CPI_food
2015,-2.6,CPI_food
2016,-2.4,CPI_food
2017,2.2,CPI_food
2018,2.1,CPI_food
2019,1.4,CPI_food
2020,0.6,CPI_food
2021,0.3,CPI_food
2022,10.9,CPI_food
2023,14.5,CPI_food
2024,2.7,CPI_food
2025,4.2,CPI_food
1989,5.7,CPIH
1990,8,CPIH
1991,7.5,CPIH
1992,4.6,CPIH
1993,2.6,CPIH
1994,2.2,CPIH
1995,2.7,CPIH
1996,2.9,CPIH
1997,2.2,CPIH
1998,1.8,CPIH
1999,1.7,CPIH
2000,1.2,CPIH
2001,1.6,CPIH
2002,1.5,CPIH
2003,1.4,CPIH
2004,1.4,CPIH
2005,2.1,CPIH
2006,2.5,CPIH
2007,2.4,CPIH
2008,3.5,CPIH
2009,2,CPIH
2010,2.5,CPIH
2011,3.8,CPIH
2012,2.6,CPIH
2013,2.3,CPIH
2014,1.5,CPIH
2015,0.4,CPIH
2016,1,CPIH
2017,2.6,CPIH
2018,2.3,CPIH
2019,1.7,CPIH
2020,1,CPIH
2021,2.5,CPIH
2022,7.9,CPIH
2023,6.8,CPIH
2024,3.3,CPIH
2025,3.9,CPIH